﻿<?xml version="1.0" encoding="utf-8"?>
<Defs>
  <BodyAnimDef>
    <thingTarget>YorkshireTerrier</thingTarget>
    <handType>Animal</handType>
    <quadruped>true</quadruped>
    <armLength>0</armLength>
    <extraLegLength>-0.125</extraLegLength>
    <hipOffsets>
      <li>
        <x>-0.125</x>
        <y>0.025</y>
        <z>0</z>
      </li>
      <li>
        <x>-0.3</x>
        <y>0.025</y>
        <z>0</z>
      </li>
      <li>
        <x>0.125</x>
        <y>0.025</y>
        <z>0.425</z>
      </li>
      <li>
        <x>0.3</x>
        <y>-0.025</y>
        <z>0</z>
      </li>
    </hipOffsets>
    <offCenterX>0</offCenterX>
    <shoulderOffsets>
      <li>
        <x>0.125</x>
        <y>0.025</y>
        <z>0.45</z>
      </li>
      <li>
        <x>0.1</x>
        <y>0.025</y>
        <z>0</z>
      </li>
      <li>
        <x>-0.125</x>
        <y>0.025</y>
        <z>0</z>
      </li>
      <li>
        <x>-0.1</x>
        <y>-0.025</y>
        <z>0</z>
      </li>
    </shoulderOffsets>
    <walkCycles>
      <li>
        <key>Walk</key>
        <value>Quadruped_Walk</value>
      </li>
    </walkCycles>
    <WalkCycleType>Quadruped</WalkCycleType>
    <defName>BodyAnimDef_YorkshireTerrier_Undefined</defName>
    <label>BodyAnimDef_YorkshireTerrier_Undefined</label>
  </BodyAnimDef>
</Defs>