﻿<?xml version="1.0" encoding="utf-8"?>
<Defs>
  <BodyAnimDef>
    <thingTarget>Ibex</thingTarget>
    <handType>Animal</handType>
    <quadruped>true</quadruped>
    <armLength>0</armLength>
    <extraLegLength>0.4</extraLegLength>
    <hipOffsets>
      <li>
        <x>0.15</x>
        <y>0.025</y>
        <z>-0.125</z>
      </li>
      <li>
        <x>-0.65</x>
        <y>0.025</y>
        <z>0</z>
      </li>
      <li>
        <x>-0.15</x>
        <y>0.025</y>
        <z>0.6</z>
      </li>
      <li>
        <x>0.65</x>
        <y>-0.025</y>
        <z>0</z>
      </li>
    </hipOffsets>
    <offCenterX>0</offCenterX>
    <shoulderOffsets>
      <li>
        <x>0.15</x>
        <y>0.025</y>
        <z>0.9</z>
      </li>
      <li>
        <x>0.15</x>
        <y>0.025</y>
        <z>0</z>
      </li>
      <li>
        <x>-0.15</x>
        <y>0.025</y>
        <z>-0.125</z>
      </li>
      <li>
        <x>-0.15</x>
        <y>-0.025</y>
        <z>0</z>
      </li>
    </shoulderOffsets>
    <walkCycles>
      <li>
        <key>Walk</key>
        <value>Quadruped_Walk</value>
      </li>
    </walkCycles>
    <WalkCycleType>Quadruped</WalkCycleType>
    <defName>BodyAnimDef_Ibex_Undefined</defName>
    <label>BodyAnimDef_Ibex_Undefined</label>
  </BodyAnimDef>
</Defs>