﻿<?xml version="1.0" encoding="utf-8"?>
<Defs>
  <BodyAnimDef>
    <thingTarget>LabradorRetriever</thingTarget>
    <handType>Animal</handType>
    <quadruped>true</quadruped>
    <armLength>0</armLength>
    <extraLegLength>0</extraLegLength>
    <hipOffsets>
      <li>
        <x>0.175</x>
        <y>0.025</y>
        <z>0.225</z>
      </li>
      <li>
        <x>-0.55</x>
        <y>0.025</y>
        <z>0</z>
      </li>
      <li>
        <x>-0.175</x>
        <y>0.025</y>
        <z>0.8</z>
      </li>
      <li>
        <x>0.55</x>
        <y>-0.025</y>
        <z>0</z>
      </li>
    </hipOffsets>
    <offCenterX>0.02308802</offCenterX>
    <shoulderOffsets>
      <li>
        <x>0.2</x>
        <y>0.025</y>
        <z>0.725</z>
      </li>
      <li>
        <x>0.275</x>
        <y>0.025</y>
        <z>0</z>
      </li>
      <li>
        <x>-0.2</x>
        <y>0.025</y>
        <z>-0.075</z>
      </li>
      <li>
        <x>-0.275</x>
        <y>-0.025</y>
        <z>0</z>
      </li>
    </shoulderOffsets>
    <walkCycles>
      <li>
        <key>Walk</key>
        <value>Quadruped_Walk</value>
      </li>
    </walkCycles>
    <WalkCycleType>Quadruped</WalkCycleType>
    <defName>BodyAnimDef_LabradorRetriever_Undefined</defName>
    <label>BodyAnimDef_LabradorRetriever_Undefined</label>
  </BodyAnimDef>
</Defs>