﻿<?xml version="1.0" encoding="utf-8"?>
<Defs>
  <BodyAnimDef>
    <thingTarget>Caribou</thingTarget>
    <handType>WildBoar</handType>
    <quadruped>true</quadruped>
    <armLength>0</armLength>
    <extraLegLength>0.7</extraLegLength>
    <hipOffsets>
      <li>
        <x>0.2</x>
        <y>0.025</y>
        <z>-0.1</z>
      </li>
      <li>
        <x>-0.6</x>
        <y>0.025</y>
        <z>0</z>
      </li>
      <li>
        <x>-0.2</x>
        <y>0.025</y>
        <z>0.45</z>
      </li>
      <li>
        <x>0.6</x>
        <y>-0.025</y>
        <z>0</z>
      </li>
    </hipOffsets>
    <offCenterX>0</offCenterX>
    <shoulderOffsets>
      <li>
        <x>0.25</x>
        <y>0.025</y>
        <z>0.775</z>
      </li>
      <li>
        <x>0.275</x>
        <y>0.025</y>
        <z>0</z>
      </li>
      <li>
        <x>-0.25</x>
        <y>0.025</y>
        <z>0</z>
      </li>
      <li>
        <x>-0.275</x>
        <y>-0.025</y>
        <z>0</z>
      </li>
    </shoulderOffsets>
    <walkCycles />
    <WalkCycleType>Quadruped</WalkCycleType>
    <defName>BodyAnimDef_Caribou_Undefined</defName>
    <label>BodyAnimDef_Caribou_Undefined</label>
  </BodyAnimDef>
</Defs>