﻿<?xml version="1.0" encoding="utf-8"?>
<Defs>
  <BodyAnimDef>
    <thingTarget>Boomrat</thingTarget>
    <handType>Animal</handType>
    <quadruped>true</quadruped>
    <armLength>0</armLength>
    <extraLegLength>-0.225</extraLegLength>
    <hipOffsets>
      <li>
        <x>0.225</x>
        <y>0.025</y>
        <z>-0.175</z>
      </li>
      <li>
        <x>-0.425</x>
        <y>0.025</y>
        <z>0</z>
      </li>
      <li>
        <x>-0.225</x>
        <y>0.025</y>
        <z>0.7</z>
      </li>
      <li>
        <x>0.425</x>
        <y>-0.025</y>
        <z>0</z>
      </li>
    </hipOffsets>
    <offCenterX>-0.02077922</offCenterX>
    <shoulderOffsets>
      <li>
        <x>0.225</x>
        <y>0.025</y>
        <z>0.55</z>
      </li>
      <li>
        <x>0.2</x>
        <y>0.025</y>
        <z>0</z>
      </li>
      <li>
        <x>-0.225</x>
        <y>0.025</y>
        <z>-0.05</z>
      </li>
      <li>
        <x>-0.2</x>
        <y>-0.025</y>
        <z>0</z>
      </li>
    </shoulderOffsets>
    <walkCycles>
      <li>
        <key>Walk</key>
        <value>Quadruped_Walk</value>
      </li>
    </walkCycles>
    <WalkCycleType>Quadruped</WalkCycleType>
    <defName>BodyAnimDef_Boomrat_Undefined</defName>
    <label>BodyAnimDef_Boomrat_Undefined</label>
  </BodyAnimDef>
</Defs>