﻿<?xml version="1.0" encoding="utf-8"?>
<Defs>
  <BodyAnimDef>
    <thingTarget>Donkey</thingTarget>
    <handType>Animal</handType>
    <quadruped>true</quadruped>
    <bipedWithHands>False</bipedWithHands>
    <armLength>0</armLength>
    <extraLegLength>0.15</extraLegLength>
    <hipOffsets>
      <li>
        <x>-0.25</x>
        <y>0.025</y>
        <z>-0.1</z>
      </li>
      <li>
        <x>-0.575</x>
        <y>0.025</y>
        <z>0</z>
      </li>
      <li>
        <x>0.25</x>
        <y>0.025</y>
        <z>0.45</z>
      </li>
      <li>
        <x>0.575</x>
        <y>-0.025</y>
        <z>0</z>
      </li>
    </hipOffsets>
    <headOffset>
      <x>0</x>
      <y>0</y>
    </headOffset>
    <offCenterX>0</offCenterX>
    <shoulderOffsets>
      <li>
        <x>-0.175</x>
        <y>0.025</y>
        <z>0.5</z>
      </li>
      <li>
        <x>0.15</x>
        <y>0.025</y>
        <z>0</z>
      </li>
      <li>
        <x>0.175</x>
        <y>0.025</y>
        <z>0</z>
      </li>
      <li>
        <x>-0.15</x>
        <y>-0.025</y>
        <z>0</z>
      </li>
    </shoulderOffsets>
    <walkCycles>
      <li>
        <key>Walk</key>
        <value>Quadruped_Walk</value>
      </li>
    </walkCycles>
    <WalkCycleType>Quadruped</WalkCycleType>
    <defName>BodyAnimDef_Donkey_Undefined</defName>
    <label>BodyAnimDef_Donkey_Undefined</label>
  </BodyAnimDef>
</Defs>