﻿<?xml version="1.0" encoding="utf-8"?>
<Defs>
  <BodyAnimDef>
    <thingTarget>Mech_Centipede</thingTarget>
    <handType>Animal</handType>
    <quadruped>true</quadruped>
    <armLength>0</armLength>
    <extraLegLength>0.425</extraLegLength>
    <hipOffsets>
      <li>
        <x>0.925</x>
        <y>0.025</y>
        <z>-0.025</z>
      </li>
      <li>
        <x>-0.9</x>
        <y>0.025</y>
        <z>0</z>
      </li>
      <li>
        <x>-0.925</x>
        <y>0.025</y>
        <z>0.975</z>
      </li>
      <li>
        <x>0.9</x>
        <y>-0.025</y>
        <z>0</z>
      </li>
    </hipOffsets>
    <offCenterX>0</offCenterX>
    <shoulderOffsets>
      <li>
        <x>0.95</x>
        <y>0.025</y>
        <z>1.5</z>
      </li>
      <li>
        <x>0.7</x>
        <y>0.025</y>
        <z>0</z>
      </li>
      <li>
        <x>-0.95</x>
        <y>0.025</y>
        <z>0</z>
      </li>
      <li>
        <x>-0.7</x>
        <y>-0.025</y>
        <z>0</z>
      </li>
    </shoulderOffsets>
    <walkCycles>
      <li>
        <key>Walk</key>
        <value>Quadruped_Walk</value>
      </li>
    </walkCycles>
    <WalkCycleType>Quadruped</WalkCycleType>
    <defName>BodyAnimDef_Mech_Centipede_Undefined</defName>
    <label>BodyAnimDef_Mech_Centipede_Undefined</label>
  </BodyAnimDef>
</Defs>