﻿<?xml version="1.0" encoding="utf-8"?>
<Defs>
  <BodyAnimDef>
    <thingTarget>Mech_Scyther</thingTarget>
    <handType>Scyther</handType>
    <bipedWithHands>true</bipedWithHands>
    <armLength>0.475</armLength>
    <extraLegLength>0.375</extraLegLength>
    <hipOffsets>
      <li>
        <x>0.2</x>
        <y>0.025</y>
        <z>-0.025</z>
      </li>
      <li>
        <x>0</x>
        <y>0.025</y>
        <z>0</z>
      </li>
      <li>
        <x>-0.2</x>
        <y>0.025</y>
        <z>0</z>
      </li>
      <li>
        <x>0</x>
        <y>-0.025</y>
        <z>0</z>
      </li>
    </hipOffsets>
    <offCenterX>0</offCenterX>
    <shoulderOffsets>
      <li>
        <x>0.325</x>
        <y>0.025</y>
        <z>0.475</z>
      </li>
      <li>
        <x>-0.3</x>
        <y>0.025</y>
        <z>0.475</z>
      </li>
      <li>
        <x>-0.325</x>
        <y>0.025</y>
        <z>0.525</z>
      </li>
      <li>
        <x>0.3</x>
        <y>-0.025</y>
        <z>0.475</z>
      </li>
    </shoulderOffsets>
    <walkCycles>
      <li>
        <key>Amble</key>
        <value>Biped_Amble</value>
      </li>
      <li>
        <key>Jog</key>
        <value>Biped_Jog</value>
      </li>
      <li>
        <key>Sprint</key>
        <value>Biped_Sprint</value>
      </li>
      <li>
        <key>Walk</key>
        <value>Biped_Walk</value>
      </li>
    </walkCycles>
    <WalkCycleType>Biped</WalkCycleType>
    <defName>BodyAnimDef_Mech_Scyther_Undefined</defName>
    <label>BodyAnimDef_Mech_Scyther_Undefined</label>
  </BodyAnimDef>
</Defs>