﻿<?xml version="1.0" encoding="utf-8"?>
<Defs>
  <BodyAnimDef>
    <thingTarget>Cat</thingTarget>
    <handType>Animal</handType>
    <quadruped>true</quadruped>
    <armLength>0</armLength>
    <extraLegLength>-0.1</extraLegLength>
    <hipOffsets>
      <li>
        <x>0.125</x>
        <y>0.025</y>
        <z>-0.025</z>
      </li>
      <li>
        <x>-0.35</x>
        <y>0.025</y>
        <z>0</z>
      </li>
      <li>
        <x>-0.125</x>
        <y>0.025</y>
        <z>0.375</z>
      </li>
      <li>
        <x>0.35</x>
        <y>-0.025</y>
        <z>0</z>
      </li>
    </hipOffsets>
    <offCenterX>0.0011544</offCenterX>
    <shoulderOffsets>
      <li>
        <x>0.1</x>
        <y>0.025</y>
        <z>0.4</z>
      </li>
      <li>
        <x>0.125</x>
        <y>0.025</y>
        <z>0</z>
      </li>
      <li>
        <x>-0.1</x>
        <y>0.025</y>
        <z>-0.1</z>
      </li>
      <li>
        <x>-0.125</x>
        <y>-0.025</y>
        <z>0</z>
      </li>
    </shoulderOffsets>
    <walkCycles>
      <li>
        <key>Walk</key>
        <value>Quadruped_Walk</value>
      </li>
    </walkCycles>
    <WalkCycleType>Quadruped</WalkCycleType>
    <defName>BodyAnimDef_Cat_Undefined</defName>
    <label>BodyAnimDef_Cat_Undefined</label>
  </BodyAnimDef>
</Defs>