﻿<?xml version="1.0" encoding="utf-8"?>
<Defs>
  <BodyAnimDef>
    <thingTarget>Tortoise</thingTarget>
    <handType>Animal</handType>
    <quadruped>true</quadruped>
    <armLength>0</armLength>
    <extraLegLength>-0.175</extraLegLength>
    <hipOffsets>
      <li>
        <x>0.225</x>
        <y>0.025</y>
        <z>-0.05</z>
      </li>
      <li>
        <x>-0.4</x>
        <y>0.025</y>
        <z>0</z>
      </li>
      <li>
        <x>-0.225</x>
        <y>0.025</y>
        <z>0.125</z>
      </li>
      <li>
        <x>0.4</x>
        <y>-0.025</y>
        <z>0</z>
      </li>
    </hipOffsets>
    <offCenterX>-0.02655123</offCenterX>
    <shoulderOffsets>
      <li>
        <x>0.225</x>
        <y>0.025</y>
        <z>0.225</z>
      </li>
      <li>
        <x>0.15</x>
        <y>0.025</y>
        <z>0</z>
      </li>
      <li>
        <x>-0.225</x>
        <y>0.025</y>
        <z>-0.025</z>
      </li>
      <li>
        <x>-0.15</x>
        <y>-0.025</y>
        <z>0</z>
      </li>
    </shoulderOffsets>
    <walkCycles>
      <li>
        <key>Walk</key>
        <value>Quadruped_Walk</value>
      </li>
    </walkCycles>
    <WalkCycleType>Quadruped</WalkCycleType>
    <defName>BodyAnimDef_Tortoise_Undefined</defName>
    <label>BodyAnimDef_Tortoise_Undefined</label>
  </BodyAnimDef>
</Defs>