﻿<?xml version="1.0" encoding="utf-8"?>
<Defs>
  <BodyAnimDef>
    <thingTarget>Husky</thingTarget>
    <handType>Animal</handType>
    <quadruped>true</quadruped>
    <armLength>0</armLength>
    <extraLegLength>0.125</extraLegLength>
    <hipOffsets>
      <li>
        <x>0.2</x>
        <y>-0.025</y>
        <z>-0.1</z>
      </li>
      <li>
        <x>-0.475</x>
        <y>0.025</y>
        <z>0</z>
      </li>
      <li>
        <x>-0.2</x>
        <y>-0.025</y>
        <z>0.5</z>
      </li>
      <li>
        <x>0.475</x>
        <y>-0.025</y>
        <z>0</z>
      </li>
    </hipOffsets>
    <offCenterX>-0.03578644</offCenterX>
    <shoulderOffsets>
      <li>
        <x>0.15</x>
        <y>-0.025</y>
        <z>1.075</z>
      </li>
      <li>
        <x>0.275</x>
        <y>0.025</y>
        <z>0</z>
      </li>
      <li>
        <x>-0.15</x>
        <y>-0.025</y>
        <z>-0.2</z>
      </li>
      <li>
        <x>-0.275</x>
        <y>-0.025</y>
        <z>0</z>
      </li>
    </shoulderOffsets>
    <walkCycles>
      <li>
        <key>Walk</key>
        <value>Quadruped_Walk</value>
      </li>
    </walkCycles>
    <WalkCycleType>Quadruped</WalkCycleType>
    <defName>BodyAnimDef_Husky_Undefined</defName>
    <label>BodyAnimDef_Husky_Undefined</label>
  </BodyAnimDef>
</Defs>