﻿<?xml version="1.0" encoding="utf-8"?>
<Defs>
  <BodyAnimDef>
    <thingTarget>Deer</thingTarget>
    <handType>Animal</handType>
    <quadruped>true</quadruped>
    <armLength>0</armLength>
    <extraLegLength>0.3</extraLegLength>
    <hipOffsets>
      <li>
        <x>0.225</x>
        <y>0.025</y>
        <z>-0.075</z>
      </li>
      <li>
        <x>-0.7</x>
        <y>0.025</y>
        <z>0</z>
      </li>
      <li>
        <x>-0.225</x>
        <y>0.025</y>
        <z>0.65</z>
      </li>
      <li>
        <x>0.7</x>
        <y>-0.025</y>
        <z>0</z>
      </li>
    </hipOffsets>
    <offCenterX>-0.01269841</offCenterX>
    <shoulderOffsets>
      <li>
        <x>0.175</x>
        <y>0.025</y>
        <z>0.6</z>
      </li>
      <li>
        <x>0.125</x>
        <y>0.025</y>
        <z>0</z>
      </li>
      <li>
        <x>-0.175</x>
        <y>0.025</y>
        <z>0.075</z>
      </li>
      <li>
        <x>-0.125</x>
        <y>-0.025</y>
        <z>0</z>
      </li>
    </shoulderOffsets>
    <walkCycles>
      <li>
        <key>Walk</key>
        <value>Quadruped_Walk</value>
      </li>
    </walkCycles>
    <WalkCycleType>Quadruped</WalkCycleType>
    <defName>BodyAnimDef_Deer_Undefined</defName>
    <label>BodyAnimDef_Deer_Undefined</label>
  </BodyAnimDef>
</Defs>