﻿<?xml version="1.0" encoding="utf-8"?>
<Defs>
  <BodyAnimDef>
    <thingTarget>Elk</thingTarget>
    <handType>Animal</handType>
    <quadruped>true</quadruped>
    <armLength>0</armLength>
    <extraLegLength>0.375</extraLegLength>
    <hipOffsets>
      <li>
        <x>0.275</x>
        <y>0.025</y>
        <z>0</z>
      </li>
      <li>
        <x>-0.55</x>
        <y>0.025</y>
        <z>0</z>
      </li>
      <li>
        <x>-0.275</x>
        <y>0.025</y>
        <z>0.175</z>
      </li>
      <li>
        <x>0.55</x>
        <y>-0.025</y>
        <z>0</z>
      </li>
    </hipOffsets>
    <offCenterX>0.04502165</offCenterX>
    <shoulderOffsets>
      <li>
        <x>0.275</x>
        <y>0.025</y>
        <z>0.9</z>
      </li>
      <li>
        <x>0.3</x>
        <y>0.025</y>
        <z>0</z>
      </li>
      <li>
        <x>-0.275</x>
        <y>0.025</y>
        <z>-0.225</z>
      </li>
      <li>
        <x>-0.3</x>
        <y>-0.025</y>
        <z>0</z>
      </li>
    </shoulderOffsets>
    <walkCycles />
    <WalkCycleType>Quadruped</WalkCycleType>
    <defName>BodyAnimDef_Elk_Undefined</defName>
    <label>BodyAnimDef_Elk_Undefined</label>
  </BodyAnimDef>
</Defs>