﻿<?xml version="1.0" encoding="utf-8"?>
<Defs>
  <BodyAnimDef>
    <thingTarget>Boomalope</thingTarget>
    <handType>Animal</handType>
    <quadruped>true</quadruped>
    <armLength>0</armLength>
    <extraLegLength>0.275</extraLegLength>
    <hipOffsets>
      <li>
        <x>0.25</x>
        <y>0.025</y>
        <z>0</z>
      </li>
      <li>
        <x>-0.6</x>
        <y>0.025</y>
        <z>0</z>
      </li>
      <li>
        <x>-0.25</x>
        <y>0.025</y>
        <z>0.5</z>
      </li>
      <li>
        <x>0.6</x>
        <y>-0.025</y>
        <z>0</z>
      </li>
    </hipOffsets>
    <offCenterX>0.05194805</offCenterX>
    <shoulderOffsets>
      <li>
        <x>0.225</x>
        <y>0.025</y>
        <z>0.825</z>
      </li>
      <li>
        <x>0.475</x>
        <y>0.025</y>
        <z>0</z>
      </li>
      <li>
        <x>-0.225</x>
        <y>0.025</y>
        <z>0.05</z>
      </li>
      <li>
        <x>-0.475</x>
        <y>-0.025</y>
        <z>0</z>
      </li>
    </shoulderOffsets>
    <walkCycles>
      <li>
        <key>Walk</key>
        <value>Quadruped_Walk</value>
      </li>
    </walkCycles>
    <WalkCycleType>Quadruped</WalkCycleType>
    <defName>BodyAnimDef_Boomalope_Undefined</defName>
    <label>BodyAnimDef_Boomalope_Undefined</label>
  </BodyAnimDef>
</Defs>