﻿<?xml version="1.0" encoding="utf-8"?>
<Defs>
  <BodyAnimDef>
    <thingTarget>WildBoar</thingTarget>
    <handType>WildBoar</handType>
    <quadruped>true</quadruped>
    <armLength>0</armLength>
    <extraLegLength>-0.05</extraLegLength>
    <hipOffsets>
      <li>
        <x>0.25</x>
        <y>-0.025</y>
        <z>0.05</z>
      </li>
      <li>
        <x>-0.4</x>
        <y>0.025</y>
        <z>0</z>
      </li>
      <li>
        <x>-0.25</x>
        <y>-0.025</y>
        <z>0.65</z>
      </li>
      <li>
        <x>0.4</x>
        <y>-0.025</y>
        <z>0</z>
      </li>
    </hipOffsets>
    <offCenterX>0</offCenterX>
    <shoulderOffsets>
      <li>
        <x>0.25</x>
        <y>-0.025</y>
        <z>0.65</z>
      </li>
      <li>
        <x>0.2</x>
        <y>0.025</y>
        <z>0</z>
      </li>
      <li>
        <x>-0.25</x>
        <y>-0.025</y>
        <z>-0.025</z>
      </li>
      <li>
        <x>-0.2</x>
        <y>-0.025</y>
        <z>0</z>
      </li>
    </shoulderOffsets>
    <walkCycles>
      <li>
        <key>Walk</key>
        <value>Quadruped_Walk</value>
      </li>
    </walkCycles>
    <WalkCycleType>Quadruped</WalkCycleType>
    <defName>BodyAnimDef_WildBoar_Undefined</defName>
    <label>BodyAnimDef_WildBoar_Undefined</label>
  </BodyAnimDef>
</Defs>