﻿<?xml version="1.0" encoding="utf-8"?>

<Defs>
  <FacialStuff.Defs.AnimationTargetDef>
    <defName>PawnAnimatorSettingsVanilla</defName>
    <label>Animation comp loader</label>
    <thingClass>Thing</thingClass>
  <!-- Use this file to add the initial component to animals. FS prefers the BodyAnimDefs  -->
    <CompLoaderTargets>
      <li>
        <handType>Animal</handType>
        <quadruped>true</quadruped>
        <bodyDrawers>
          <li Class="FacialStuff.QuadrupedDrawer" />
        </bodyDrawers>
        <thingTargets>
          <li>YorkshireTerrier</li>
          <li>Husky</li>
          <li>LabradorRetriever</li>
          <li>Cat</li>
          <li>Boomrat</li>
          <li>Boomalope</li>
          <li>Deer</li>
          <li>Ibex</li>
          <li>Donkey</li>
        </thingTargets>
      </li>
      <li>
        <handType>WildBoar</handType>
        <quadruped>true</quadruped>
        <bodyDrawers>
          <li Class="FacialStuff.QuadrupedDrawer" />
        </bodyDrawers>
        <thingTargets>
          <li>Caribou</li>
          <li>Tortoise</li>
          <li>WildBoar</li>
          <li>Elk</li>
        </thingTargets>
      </li>
      <li>
        <handType>Animal</handType>
        <quadruped>true</quadruped>
        <bodyDrawers>
          <li Class ="FacialStuff.QuadrupedDrawer"/>
        </bodyDrawers>
        <thingTargets>
          <li>Mech_Centipede</li>
        </thingTargets>
      </li>
      <li>
        <handType>Scyther</handType>
        <bipedWithHands>true</bipedWithHands>
        <bodyDrawers>
          <li Class="FacialStuff.HumanBipedDrawer" />
        </bodyDrawers>
        <thingTargets>
          <li>Mech_Scyther</li>
        </thingTargets>
      </li>

    </CompLoaderTargets>
  </FacialStuff.Defs.AnimationTargetDef>
</Defs>